id,name,feature_id,status,entry_node_id,exit_node_id,node_sequence,missing_nodes,tests,docs,risk_level,last_verified_at,verification_status,notes,tags
CHAIN-ARCH-EVIDENCE-SYSTEM,Architecture evidence generation chain,FEAT-ARCH-EVIDENCE-SYSTEM,implemented,DOC-ARCH-EVIDENCE-SYSTEM,DOC-ARCH-EVIDENCE-SYSTEM,DOC-ARCH-EVIDENCE-SYSTEM>SCRIPT-ARCH-GRAPH-GENERATOR>CSV-NODES>CSV-RELATIONS>CSV-CHAINS>CSV-TESTS>TEST-ARCH-GRAPH,full_repository_auto_extraction,TEST-ARCH-GRAPH,DOC-ARCH-EVIDENCE-SYSTEM,medium,2026-05-24,tested,Foundation chain exists and validates seed rows; full-repo extraction remains future work.,#chain #architecture
CHAIN-MGMT-DEPT-CATALOG,Management department catalog execution chain,FEAT-MGMT-DEPT-CATALOG,verified,PAGE-12-MANAGEMENT-DEPARTMENTS,COMP-SHELL,PAGE-12-MANAGEMENT-DEPARTMENTS>COMP-SHELL>COMP-MANAGEMENT-ROUTE>UI-MGMT-DEPARTMENT-FORM>API-DEPARTMENTS-CREATE>FUNC-ENSURE-DEFAULT-DEPARTMENTS>FUNC-SERIALIZE-DEPARTMENT>DB-WORKSPACE-DEPARTMENTS>API-DEPARTMENTS-LIST>COMP-SHELL>TEST-BROWSER-MGMT-DEPT>DOC-MGMT-DEPT-CONTRACT,dedicated_api_subtests,TEST-API-LOCAL;TEST-BROWSER-MGMT-DEPT,DOC-MGMT-DEPT-CONTRACT,medium,2026-05-24,verified,Browser proof created a custom department and verified sidebar/table readback.,#chain #management
CHAIN-OPERATIONS-WORK-ITEM,Operations work item execution chain,FEAT-OPERATIONS-WORK-ITEMS,verified,PAGE-04-OPERATIONS-TASKS,EVENT-OPERATIONS-WORK-ITEM-CREATED,PAGE-04-OPERATIONS-TASKS>COMP-SHELL>COMP-OPERATIONS-ROUTE>UI-OPERATIONS-TASK-CARD>API-OPERATIONS-CREATE-WORK-ITEM>FUNC-VISIBLE-WORK-ITEM-RELATIONS>DB-TASK>EVENT-OPERATIONS-WORK-ITEM-CREATED>API-OPERATIONS-WORK-ITEMS>COMP-OPERATIONS-ROUTE>TEST-API-LOCAL>TEST-PLAYWRIGHT-OPS>DOC-OPS-WORK-ITEM-CONTRACT,provider_calendar_command,TEST-API-LOCAL;TEST-PLAYWRIGHT-OPS,DOC-OPS-WORK-ITEM-CONTRACT,high,2026-05-20,verified,Provider calendar creation and recurrence execution are intentionally blocked future commands.,#chain #operations
CHAIN-DASHBOARD-COMMAND,Dashboard command packet chain,FEAT-DASHBOARD-COMMAND,verified,PAGE-00-GENERAL,UI-DASHBOARD-NEXT-ACTION,PAGE-00-GENERAL>COMP-SHELL>COMP-GENERAL-DASHBOARD>API-DASHBOARD-COMMAND>FUNC-DASHBOARD-RISK-RANK>DB-TASK>DB-WORKFORCE-ENTITY>DB-GOOGLE-DRIVE-FILE>UI-DASHBOARD-NEXT-ACTION>TEST-API-LOCAL>TEST-PLAYWRIGHT-DASHBOARD>DOC-DASHBOARD-CONTRACT,dashboard_write_commands,TEST-API-LOCAL;TEST-PLAYWRIGHT-DASHBOARD,DOC-DASHBOARD-CONTRACT,medium,2026-05-20,verified,Dashboard remains read-only; writes route to domain surfaces.,#chain #dashboard
CHAIN-PEOPLE-AGENTS-DIRECTORY,People/Agents Directory chain,FEAT-PEOPLE-AGENTS-DIRECTORY,verified,PAGE-06-PEOPLE-AGENTS,UI-PEOPLE-AGENTS-TABLE,PAGE-06-PEOPLE-AGENTS>COMP-SHELL>COMP-PEOPLE-AGENTS-ROUTE>UI-PEOPLE-AGENTS-TABLE>API-WORKFORCE-LIST>DB-WORKFORCE-ENTITY>TEST-API-LOCAL>TEST-PLAYWRIGHT-PEOPLE>DOC-PEOPLE-AGENTS-CONTRACT>EVENT-PAPERCLIP-SYNC-REQUESTED,paperclip_worker_consumption_proof,TEST-API-LOCAL;TEST-PLAYWRIGHT-PEOPLE,DOC-PEOPLE-AGENTS-CONTRACT,medium,2026-05-19,verified,Manual Paperclip sync outbox consumption remains separate future proof.,#chain #workforce
CHAIN-ASSETS-CONTEXT,Assets context chain,FEAT-ASSETS-CONTEXT,verified,PAGE-08-ASSETS-FILES,UI-ASSETS-FILE-PREVIEW,PAGE-08-ASSETS-FILES>COMP-SHELL>COMP-ASSETS-ROUTE>UI-ASSETS-FILE-PREVIEW>API-ASSETS-CONTEXT>DB-GOOGLE-DRIVE-FILE>TEST-API-LOCAL>TEST-PLAYWRIGHT-ASSETS>TEST-PROD-DRIVE-IMPORT-SMOKE>DOC-ASSETS-CONTEXT-CONTRACT>DOC-OPS-AGENT-RUNTIME-LEDGER,,TEST-API-LOCAL;TEST-PLAYWRIGHT-ASSETS;TEST-PROD-DRIVE-IMPORT-SMOKE,DOC-ASSETS-CONTEXT-CONTRACT;DOC-OPS-AGENT-RUNTIME-LEDGER,medium,2026-05-24,verified,Assets chain now includes production Drive import/freshness smoke evidence captured in operations ledger.,#chain #assets
CHAIN-AUTO-0001,Agent Events Coverage Expansion auto chain,FEAT-AUTO-0001,implemented,API-AUTO-0021,API-AUTO-0115,API-AUTO-0021>API-AUTO-0115,,TEST-API-LOCAL,DOC-ARCH-EVIDENCE-SYSTEM,medium,2026-05-24,tested,Auto-generated chain scaffold from feature/API/page/test/doc links. Auto-normalized with inferred tests/docs and minimal flow completeness.,#chain #auto #agent-events-coverage
CHAIN-AUTO-0002,Agent Logs Coverage Expansion auto chain,FEAT-AUTO-0002,implemented,API-AUTO-0022,API-AUTO-0116,API-AUTO-0022>API-AUTO-0023>API-AUTO-0116,,TEST-API-LOCAL,DOC-ARCH-EVIDENCE-SYSTEM,medium,2026-05-24,tested,Auto-generated chain scaffold from feature/API/page/test/doc links. Auto-normalized with inferred tests/docs and minimal flow completeness.,#chain #auto #agent-logs-coverage
CHAIN-AUTO-0003,Agents Coverage Expansion auto chain,FEAT-AUTO-0003,implemented,API-AUTO-0001,API-AUTO-0117,API-AUTO-0001>API-AUTO-0024>API-AUTO-0025>API-AUTO-0088>API-AUTO-0117,,TEST-API-LOCAL,DOC-ARCH-EVIDENCE-SYSTEM,medium,2026-05-24,tested,Auto-generated chain scaffold from feature/API/page/test/doc links. Auto-normalized with inferred tests/docs and minimal flow completeness.,#chain #auto #agents-coverage
CHAIN-AUTO-0004,Clients Coverage Expansion auto chain,FEAT-AUTO-0004,implemented,API-AUTO-0002,API-AUTO-0118,API-AUTO-0002>API-AUTO-0027>API-AUTO-0028>API-AUTO-0090>API-AUTO-0118,,TEST-API-LOCAL,DOC-ARCH-EVIDENCE-SYSTEM,medium,2026-05-24,tested,Auto-generated chain scaffold from feature/API/page/test/doc links. Auto-normalized with inferred tests/docs and minimal flow completeness.,#chain #auto #clients-coverage
CHAIN-AUTO-0005,Commercial Exceptions Coverage Expansion auto chain,FEAT-AUTO-0005,implemented,API-AUTO-0029,API-AUTO-0029,API-AUTO-0029,,TEST-API-LOCAL,DOC-ARCH-EVIDENCE-SYSTEM,medium,2026-05-24,tested,Auto-generated chain scaffold from feature/API/page/test/doc links. Backend-only minimal chain accepted with test/doc evidence.,#chain #auto #commercial-exceptions-coverage
CHAIN-AUTO-0006,Company Os Coverage Expansion auto chain,FEAT-AUTO-0006,implemented,API-AUTO-0003,API-AUTO-0131,API-AUTO-0003>API-AUTO-0030>API-AUTO-0031>API-AUTO-0032>API-AUTO-0033>API-AUTO-0034>API-AUTO-0091>API-AUTO-0092>API-AUTO-0119>API-AUTO-0120>API-AUTO-0121>API-AUTO-0122>API-AUTO-0123>API-AUTO-0124>API-AUTO-0125>API-AUTO-0126>API-AUTO-0127>API-AUTO-0128>API-AUTO-0129>API-AUTO-0130>API-AUTO-0131,,TEST-API-LOCAL,DOC-ARCH-EVIDENCE-SYSTEM,medium,2026-05-24,tested,Auto-generated chain scaffold from feature/API/page/test/doc links. Auto-normalized with inferred tests/docs and minimal flow completeness.,#chain #auto #company-os-coverage
CHAIN-AUTO-0007,Connection Coverage Expansion auto chain,FEAT-AUTO-0007,implemented,API-AUTO-0035,API-AUTO-0035,API-AUTO-0035,,TEST-API-LOCAL,DOC-ARCH-EVIDENCE-SYSTEM,medium,2026-05-24,tested,Auto-generated chain scaffold from feature/API/page/test/doc links. Backend-only minimal chain accepted with test/doc evidence.,#chain #auto #connection-coverage
CHAIN-AUTO-0008,Deals Coverage Expansion auto chain,FEAT-AUTO-0008,implemented,API-AUTO-0004,API-AUTO-0132,API-AUTO-0004>API-AUTO-0036>API-AUTO-0037>API-AUTO-0093>API-AUTO-0132,,TEST-API-LOCAL,DOC-ARCH-EVIDENCE-SYSTEM,medium,2026-05-24,tested,Auto-generated chain scaffold from feature/API/page/test/doc links. Auto-normalized with inferred tests/docs and minimal flow completeness.,#chain #auto #deals-coverage
CHAIN-AUTO-0009,Decisions Coverage Expansion auto chain,FEAT-AUTO-0009,implemented,API-AUTO-0005,API-AUTO-0133,API-AUTO-0005>API-AUTO-0038>API-AUTO-0039>API-AUTO-0094>API-AUTO-0133,,TEST-API-LOCAL,DOC-ARCH-EVIDENCE-SYSTEM,medium,2026-05-24,tested,Auto-generated chain scaffold from feature/API/page/test/doc links. Auto-normalized with inferred tests/docs and minimal flow completeness.,#chain #auto #decisions-coverage
CHAIN-AUTO-0010,Events Coverage Expansion auto chain,FEAT-AUTO-0010,implemented,API-AUTO-0040,API-AUTO-0040,API-AUTO-0040,,TEST-API-LOCAL,DOC-ARCH-EVIDENCE-SYSTEM,medium,2026-05-24,tested,Auto-generated chain scaffold from feature/API/page/test/doc links. Backend-only minimal chain accepted with test/doc evidence.,#chain #auto #events-coverage
CHAIN-AUTO-0011,Finance Coverage Expansion auto chain,FEAT-AUTO-0011,implemented,API-AUTO-0041,API-AUTO-0041,API-AUTO-0041,,TEST-API-LOCAL,DOC-ARCH-EVIDENCE-SYSTEM,medium,2026-05-24,tested,Auto-generated chain scaffold from feature/API/page/test/doc links. Backend-only minimal chain accepted with test/doc evidence.,#chain #auto #finance-coverage
CHAIN-AUTO-0012,Goals Coverage Expansion auto chain,FEAT-AUTO-0012,implemented,API-AUTO-0006,API-AUTO-0134,API-AUTO-0006>API-AUTO-0042>API-AUTO-0043>API-AUTO-0095>API-AUTO-0134,,TEST-API-LOCAL,DOC-ARCH-EVIDENCE-SYSTEM,medium,2026-05-24,tested,Auto-generated chain scaffold from feature/API/page/test/doc links. Auto-normalized with inferred tests/docs and minimal flow completeness.,#chain #auto #goals-coverage
CHAIN-AUTO-0013,Google Drive Coverage Expansion auto chain,FEAT-AUTO-0013,implemented,API-AUTO-0044,API-AUTO-0164,API-AUTO-0044>API-AUTO-0045>API-AUTO-0096>API-AUTO-0097>API-AUTO-0098>API-AUTO-0099>API-AUTO-0135>API-AUTO-0136>API-AUTO-0164,,TEST-API-LOCAL,DOC-ARCH-EVIDENCE-SYSTEM,medium,2026-05-24,tested,Auto-generated chain scaffold from feature/API/page/test/doc links. Auto-normalized with inferred tests/docs and minimal flow completeness.,#chain #auto #google-drive-coverage
CHAIN-AUTO-0014,Intake Coverage Expansion auto chain,FEAT-AUTO-0014,implemented,API-AUTO-0046,API-AUTO-0137,API-AUTO-0046>API-AUTO-0047>API-AUTO-0137,,TEST-API-LOCAL,DOC-ARCH-EVIDENCE-SYSTEM,medium,2026-05-24,tested,Auto-generated chain scaffold from feature/API/page/test/doc links. Auto-normalized with inferred tests/docs and minimal flow completeness.,#chain #auto #intake-coverage
CHAIN-AUTO-0015,Integration Settings Coverage Expansion auto chain,FEAT-AUTO-0015,implemented,API-AUTO-0007,API-AUTO-0166,API-AUTO-0007>API-AUTO-0048>API-AUTO-0049>API-AUTO-0050>API-AUTO-0051>API-AUTO-0052>API-AUTO-0138>API-AUTO-0139>API-AUTO-0140>API-AUTO-0141>API-AUTO-0142>API-AUTO-0143>API-AUTO-0144>API-AUTO-0145>API-AUTO-0165>API-AUTO-0166,,TEST-API-LOCAL,DOC-ARCH-EVIDENCE-SYSTEM,medium,2026-05-24,tested,Auto-generated chain scaffold from feature/API/page/test/doc links. Auto-normalized with inferred tests/docs and minimal flow completeness.,#chain #auto #integration-settings-coverage
CHAIN-AUTO-0016,Interactions Coverage Expansion auto chain,FEAT-AUTO-0016,implemented,API-AUTO-0008,API-AUTO-0146,API-AUTO-0008>API-AUTO-0053>API-AUTO-0054>API-AUTO-0100>API-AUTO-0146,,TEST-API-LOCAL,DOC-ARCH-EVIDENCE-SYSTEM,medium,2026-05-24,tested,Auto-generated chain scaffold from feature/API/page/test/doc links. Auto-normalized with inferred tests/docs and minimal flow completeness.,#chain #auto #interactions-coverage
CHAIN-AUTO-0017,Mcp Coverage Expansion auto chain,FEAT-AUTO-0017,implemented,API-AUTO-0055,API-AUTO-0055,API-AUTO-0055,,TEST-API-LOCAL,DOC-ARCH-EVIDENCE-SYSTEM,medium,2026-05-24,tested,Auto-generated chain scaffold from feature/API/page/test/doc links. Backend-only minimal chain accepted with test/doc evidence.,#chain #auto #mcp-coverage
CHAIN-AUTO-0018,Notes Coverage Expansion auto chain,FEAT-AUTO-0018,implemented,API-AUTO-0009,API-AUTO-0147,API-AUTO-0009>API-AUTO-0056>API-AUTO-0057>API-AUTO-0101>API-AUTO-0147,,TEST-API-LOCAL,DOC-ARCH-EVIDENCE-SYSTEM,medium,2026-05-24,tested,Auto-generated chain scaffold from feature/API/page/test/doc links. Auto-normalized with inferred tests/docs and minimal flow completeness.,#chain #auto #notes-coverage
CHAIN-AUTO-0019,Operating Graph Coverage Expansion auto chain,FEAT-AUTO-0019,implemented,API-AUTO-0058,API-AUTO-0058,API-AUTO-0058,,TEST-API-LOCAL,DOC-ARCH-EVIDENCE-SYSTEM,medium,2026-05-24,tested,Auto-generated chain scaffold from feature/API/page/test/doc links. Backend-only minimal chain accepted with test/doc evidence.,#chain #auto #operating-graph-coverage
CHAIN-AUTO-0020,Operating Model Coverage Expansion auto chain,FEAT-AUTO-0020,implemented,API-AUTO-0010,API-AUTO-0152,API-AUTO-0010>API-AUTO-0011>API-AUTO-0012>API-AUTO-0013>API-AUTO-0014>API-AUTO-0059>API-AUTO-0060>API-AUTO-0061>API-AUTO-0062>API-AUTO-0063>API-AUTO-0064>API-AUTO-0065>API-AUTO-0066>API-AUTO-0067>API-AUTO-0068>API-AUTO-0069>API-AUTO-0070>API-AUTO-0071>API-AUTO-0072>API-AUTO-0102>API-AUTO-0103>API-AUTO-0104>API-AUTO-0105>API-AUTO-0106>API-AUTO-0107>API-AUTO-0148>API-AUTO-0149>API-AUTO-0150>API-AUTO-0151>API-AUTO-0152,,TEST-API-LOCAL,DOC-ARCH-EVIDENCE-SYSTEM,medium,2026-05-24,tested,Auto-generated chain scaffold from feature/API/page/test/doc links. Auto-normalized with inferred tests/docs and minimal flow completeness.,#chain #auto #operating-model-coverage
CHAIN-AUTO-0021,Pipeline Stages Coverage Expansion auto chain,FEAT-AUTO-0021,implemented,API-AUTO-0015,API-AUTO-0153,API-AUTO-0015>API-AUTO-0074>API-AUTO-0075>API-AUTO-0109>API-AUTO-0153,,TEST-API-LOCAL,DOC-ARCH-EVIDENCE-SYSTEM,medium,2026-05-24,tested,Auto-generated chain scaffold from feature/API/page/test/doc links. Auto-normalized with inferred tests/docs and minimal flow completeness.,#chain #auto #pipeline-stages-coverage
CHAIN-AUTO-0022,Projects Coverage Expansion auto chain,FEAT-AUTO-0022,implemented,API-AUTO-0016,API-AUTO-0154,API-AUTO-0016>API-AUTO-0076>API-AUTO-0077>API-AUTO-0110>API-AUTO-0154,,TEST-API-LOCAL,DOC-ARCH-EVIDENCE-SYSTEM,medium,2026-05-24,tested,Auto-generated chain scaffold from feature/API/page/test/doc links. Auto-normalized with inferred tests/docs and minimal flow completeness.,#chain #auto #projects-coverage
CHAIN-AUTO-0023,Relationships Coverage Expansion auto chain,FEAT-AUTO-0023,implemented,API-AUTO-0078,API-AUTO-0078,API-AUTO-0078,,TEST-API-LOCAL,DOC-ARCH-EVIDENCE-SYSTEM,medium,2026-05-24,tested,Auto-generated chain scaffold from feature/API/page/test/doc links. Backend-only minimal chain accepted with test/doc evidence.,#chain #auto #relationships-coverage
CHAIN-AUTO-0024,Sales Coverage Expansion auto chain,FEAT-AUTO-0024,implemented,API-AUTO-0079,API-AUTO-0079,API-AUTO-0079,,TEST-API-LOCAL,DOC-ARCH-EVIDENCE-SYSTEM,medium,2026-05-24,tested,Auto-generated chain scaffold from feature/API/page/test/doc links. Backend-only minimal chain accepted with test/doc evidence.,#chain #auto #sales-coverage
CHAIN-AUTO-0025,Strategy Coverage Expansion auto chain,FEAT-AUTO-0025,implemented,API-AUTO-0080,API-AUTO-0080,API-AUTO-0080,,TEST-API-LOCAL,DOC-ARCH-EVIDENCE-SYSTEM,medium,2026-05-24,tested,Auto-generated chain scaffold from feature/API/page/test/doc links. Backend-only minimal chain accepted with test/doc evidence.,#chain #auto #strategy-coverage
CHAIN-AUTO-0026,Targets Coverage Expansion auto chain,FEAT-AUTO-0026,implemented,API-AUTO-0017,API-AUTO-0155,API-AUTO-0017>API-AUTO-0081>API-AUTO-0082>API-AUTO-0111>API-AUTO-0155,,TEST-API-LOCAL,DOC-ARCH-EVIDENCE-SYSTEM,medium,2026-05-24,tested,Auto-generated chain scaffold from feature/API/page/test/doc links. Auto-normalized with inferred tests/docs and minimal flow completeness.,#chain #auto #targets-coverage
CHAIN-AUTO-0027,Task Lists Coverage Expansion auto chain,FEAT-AUTO-0027,implemented,API-AUTO-0018,API-AUTO-0156,API-AUTO-0018>API-AUTO-0083>API-AUTO-0084>API-AUTO-0112>API-AUTO-0156,,TEST-API-LOCAL,DOC-ARCH-EVIDENCE-SYSTEM,medium,2026-05-24,tested,Auto-generated chain scaffold from feature/API/page/test/doc links. Auto-normalized with inferred tests/docs and minimal flow completeness.,#chain #auto #task-lists-coverage
CHAIN-AUTO-0028,Tasks Coverage Expansion auto chain,FEAT-AUTO-0028,implemented,API-AUTO-0019,API-AUTO-0160,API-AUTO-0019>API-AUTO-0085>API-AUTO-0086>API-AUTO-0113>API-AUTO-0157>API-AUTO-0158>API-AUTO-0159>API-AUTO-0160,,TEST-API-LOCAL,DOC-ARCH-EVIDENCE-SYSTEM,medium,2026-05-24,tested,Auto-generated chain scaffold from feature/API/page/test/doc links. Auto-normalized with inferred tests/docs and minimal flow completeness.,#chain #auto #tasks-coverage
